?јдр,«нчн,IP,CR,AR,DR,SP,BR,AC,PS,NZVC,јдр,«нчн;;;;;;;;;;;;;;;;;;;
24F,0200,24F,0000,000,0000,000,0000,0000,004,0100;;;;;;;;;;;;;;;;;;;
24F,0200,250,0200,24F,0200,000,024F,0000,004,0100;;;;;;;;;;;;;;;;;;;
250,EEFD,251,EEFD,24E,0000,000,FFFD,0000,004,0100,24E,0000;;;;;;;;;;;;;;;;;;;
251,AF04,252,AF04,251,0004,000,0004,0004,000,0000;;;;;;;;;;;;;;;;;;;
252,EEFA,253,EEFA,24D,0004,000,FFFA,0004,000,0000,24D,0004;;;;;;;;;;;;;;;;;;;
253,AEF7,254,AEF7,24B,025C,000,FFF7,025C,000,0000;;;;;;;;;;;;;;;;;;;
254,EEF7,255,EEF7,24C,025C,000,FFF7,025C,000,0000,24C,025C;;;;;;;;;;;;;;;;;;;
255,AAF6,256,AAF6,25C,FB00,000,FFF6,FB00,008,1000,24C,025D;;;;;;;;;;;;;;;;;;;
256,F202,259,F202,256,F202,000,0002,FB00,008,1000;;;;;;;;;;;;;;;;;;;
259,824D,25A,824D,24D,0003,000,0002,FB00,008,1000,24D,0003;;;;;;;;;;;;;;;;;;;
25A,CEFA,255,CEFA,25A,0255,000,FFFA,FB00,008,1000;;;;;;;;;;;;;;;;;;;
255,AAF6,256,AAF6,25D,0000,000,FFF6,0000,004,0100,24C,025E;;;;;;;;;;;;;;;;;;;
256,F202,257,F202,256,F202,000,0256,0000,004,0100;;;;;;;;;;;;;;;;;;;
257,4EF6,258,4EF6,24E,0000,000,FFF6,0000,004,0100;;;;;;;;;;;;;;;;;;;
258,EEF5,259,EEF5,24E,0000,000,FFF5,0000,004,0100,24E,0000;;;;;;;;;;;;;;;;;;;
259,824D,25A,824D,24D,0002,000,0001,0000,004,0100,24D,0002;;;;;;;;;;;;;;;;;;;
25A,CEFA,255,CEFA,25A,0255,000,FFFA,0000,004,0100;;;;;;;;;;;;;;;;;;;
255,AAF6,256,AAF6,25E,524C,000,FFF6,524C,000,0000,24C,025F;;;;;;;;;;;;;;;;;;;
256,F202,257,F202,256,F202,000,0256,524C,000,0000;;;;;;;;;;;;;;;;;;;
257,4EF6,258,4EF6,24E,0000,000,FFF6,524C,000,0000;;;;;;;;;;;;;;;;;;;
258,EEF5,259,EEF5,24E,524C,000,FFF5,524C,000,0000,24E,524C;;;;;;;;;;;;;;;;;;;
259,824D,25A,824D,24D,0001,000,0000,524C,000,0000,24D,0001;;;;;;;;;;;;;;;;;;;
25A,CEFA,255,CEFA,25A,0255,000,FFFA,524C,000,0000;;;;;;;;;;;;;;;;;;;
255,AAF6,256,AAF6,25F,F000,000,FFF6,F000,008,1000,24C,0260;;;;;;;;;;;;;;;;;;;
256,F202,259,F202,256,F202,000,0002,F000,008,1000;;;;;;;јдр;«нчн;IP;CR;AR;DR;SP;BR;AC;PS;NZVC;јдр;«нчн
259,824D,25B,824D,24D,0000,000,FFFF,F000,008,1000,24D,0000;;;;;;;24F;200;24F;0;0;0;0;0;0;4;100;;
25B,0100,25C,0100,25B,0100,000,025B,F000,008,1000;;;;;;;24F;200;250;200;24F;200;0;024F;0;4;100;;
;;;;;;;250;EEFD;251;EEFD;24E;0;0;FFFD;0;4;100;24E;0
;;;;;;;251;AF04;252;AF04;251;4;0;4;4;0;0;;
;;;;;;;252;EEFA;253;EEFA;24D;4;0;FFFA;4;0;0;24D;4
;;;;;;;253;AEF7;254;AEF7;24B;025C;0;FFF7;025C;0;0;;
;;;;;;;254;EEF7;255;EEF7;24C;025C;0;FFF7;025C;0;0;24C;025C
;;;;;;;255;AAF6;256;AAF6;25C;FB00;0;FFF6;FB00;8;1000;24C;025D
;;;;;;;256;F202;259;F202;256;F202;0;2;FB00;8;1000;;
;;;;;;;259;824D;25A;824D;24D;3;0;2;FB00;8;1000;24D;3
;;;;;;;25A;CEFA;255;CEFA;25A;255;0;FFFA;FB00;8;1000;;
;;;;;;;255;AAF6;256;AAF6;25D;0;0;FFF6;0;4;100;24C;025E
;;;;;;;256;F202;257;F202;256;F202;0;256;0;4;100;;
;;;;;;;257;4EF6;258;4EF6;24E;0;0;FFF6;0;4;100;;
;;;;;;;258;EEF5;259;EEF5;24E;0;0;FFF5;0;4;100;24E;0
;;;;;;;259;824D;25A;824D;24D;2;0;1;0;4;100;24D;2
;;;;;;;25A;CEFA;255;CEFA;25A;255;0;FFFA;0;4;100;;
;;;;;;;255;AAF6;256;AAF6;25E;524C;0;FFF6;524C;0;0;24C;025F
;;;;;;;256;F202;257;F202;256;F202;0;256;524C;0;0;;
;;;;;;;257;4EF6;258;4EF6;24E;0;0;FFF6;524C;0;0;;
;;;;;;;258;EEF5;259;EEF5;24E;524C;0;FFF5;524C;0;0;24E;524C
;;;;;;;259;824D;25A;824D;24D;1;0;0;524C;0;0;24D;1
;;;;;;;25A;CEFA;255;CEFA;25A;255;0;FFFA;524C;0;0;;
;;;;;;;255;AAF6;256;AAF6;25F;F000;0;FFF6;F000;8;1000;24C;260
;;;;;;;256;F202;259;F202;256;F202;0;2;F000;8;1000;;
;;;;;;;259;824D;25B;824D;24D;0;0;FFFF;F000;8;1000;24D;0
;;;;;;;25B;100;25C;100;25B;100;0;025B;F000;8;1000;;
;;;;;;;;;;;;;;;;;;;
јдр;«нчн;IP;CR;AR;DR;SP;BR;AC;PS;NZVC;јдр;«нчн;;;;;;;
24F;200;24F;0;0;0;0;0;0;4;100;;;;;;;;;
24F;200;250;200;24F;200;0;024F;0;4;100;;;;;;;;;
250;EEFD;251;EEFD;24E;0;0;FFFD;0;4;100;24E;0;;;;;;;
251;AF04;252;AF04;251;4;0;4;4;0;0;;;;;;;;;
252;EEFA;253;EEFA;24D;4;0;FFFA;4;0;0;24D;4;;;;;;;
253;AEF7;254;AEF7;24B;025C;0;FFF7;025C;0;0;;;;;;;;;
254;EEF7;255;EEF7;24C;025C;0;FFF7;025C;0;0;24C;025C;;;;;;;
255;AAF6;256;AAF6;25C;FB00;0;FFF6;FB00;8;1000;24C;025D;;;;;;;
256;F202;259;F202;256;F202;0;2;FB00;8;1000;;;;;;;;;
259;824D;25A;824D;24D;3;0;2;FB00;8;1000;24D;3;;;;;;;
25A;CEFA;255;CEFA;25A;255;0;FFFA;FB00;8;1000;;;;;;;;;
255;AAF6;256;AAF6;25D;0;0;FFF6;0;4;100;24C;025E;;;;;;;
256;F202;257;F202;256;F202;0;256;0;4;100;;;;;;;;;
257;4EF6;258;4EF6;24E;0;0;FFF6;0;4;100;;;;;;;;;
258;EEF5;259;EEF5;24E;0;0;FFF5;0;4;100;24E;0;;;;;;;
259;824D;25A;824D;24D;2;0;1;0;4;100;24D;2;;;;;;;
25A;CEFA;255;CEFA;25A;255;0;FFFA;0;4;100;;;;;;;;;
255;AAF6;256;AAF6;25E;524C;0;FFF6;524C;0;0;24C;025F;;;;;;;
256;F202;257;F202;256;F202;0;256;524C;0;0;;;;;;;;;
257;4EF6;258;4EF6;24E;0;0;FFF6;524C;0;0;;;;;;;;;
258;EEF5;259;EEF5;24E;524C;0;FFF5;524C;0;0;24E;524C;;;;;;;
259;824D;25A;824D;24D;1;0;0;524C;0;0;24D;1;;;;;;;
25A;CEFA;255;CEFA;25A;255;0;FFFA;524C;0;0;;;;;;;;;
255;AAF6;256;AAF6;25F;F000;0;FFF6;F000;8;1000;24C;260;;;;;;;
256;F202;259;F202;256;F202;0;2;F000;8;1000;;;;;;;;;
259;824D;25B;824D;24D;0;0;FFFF;F000;8;1000;24D;0;;;;;;;
25B;100;25C;100;25B;100;0;025B;F000;8;1000;;;;;;;;;
